<?xml version="1.0" encoding="UTF-8"?>
<project-private xmlns="http://www.netbeans.org/ns/project-private/1">
    <editor-bookmarks xmlns="http://www.netbeans.org/ns/editor-bookmarks/2" lastBookmarkId="0"/>
    <open-files xmlns="http://www.netbeans.org/ns/projectui-open-files/2">
        <group>
            <file>file:/C:/Users/fprin/Documents/NetBeansProjects/JavaApplication1/src/Inventory.java</file>
            <file>file:/C:/Users/fprin/Documents/NetBeansProjects/JavaApplication1/src/LoginPage/RegisterScreen.java</file>
            <file>file:/C:/Users/fprin/Documents/NetBeansProjects/JavaApplication1/src/LoginPage/DBConnection.java</file>
            <file>file:/C:/Users/fprin/Documents/NetBeansProjects/JavaApplication1/src/LoginPage/LoginScreen.java</file>
            <file>file:/C:/Users/fprin/Documents/NetBeansProjects/JavaApplication1/src/AdminPage/AdminPanelHomePage.java</file>
            <file>file:/C:/Users/fprin/Documents/NetBeansProjects/JavaApplication1/src/LoginPage/Dashboard.java</file>
        </group>
    </open-files>
</project-private>
